,index,type,start,end,total
0,0,xiyan,30,2300,4500
1,1,xiyan,30,2300,4500
2,2,xiyan,30,2300,4500
3,3,xiyan,30,2300,4500
4,4,xiyan,30,2300,4500
5,5,xiyan,30,2300,4500
6,6,xiyan,30,2300,4500
7,7,xiyan,30,2300,4500
8,8,xiyan,30,2300,4500
9,9,xiyan,30,2300,4500
10,10,xiyan,30,2300,4500
11,11,xiyan,30,2300,4500
12,12,xiyan,30,2300,4500
13,13,xiyan,30,2300,4500
14,14,xiyan,30,2300,4500
15,15,xiyan,30,2300,4500
16,16,xiyan,30,2300,4500
17,17,xiyan,30,2300,4500
18,18,xiyan,30,2300,4500
19,19,xiyan,30,2300,4500
20,20,xiyan,30,2300,4500
21,21,xiyan,30,2300,4500
22,22,xiyan,30,2300,4500
23,23,xiyan,30,2300,4500
24,24,xiyan,30,2300,4500
25,25,xiyan,30,2300,4500
26,26,xiyan,30,2300,4500
27,27,xiyan,30,2300,4500
28,28,xiyan,30,2300,4500
29,29,xiyan,30,2300,4500
30,30,xiyan,30,2300,4500
31,31,xiyan,30,2300,4500
32,32,xiyan,30,2300,4500
33,33,xiyan,30,2300,4500
34,34,xiyan,30,2300,4500
35,35,xiyan,30,2300,4500
36,36,xiyan,30,2300,4500
37,37,xiyan,30,2300,4500
38,38,xiyan,30,2300,4500
39,39,xiyan,30,2300,4500
40,40,xiyan,30,2300,4500
41,41,xiyan,30,2300,4500
